guest_id,market_label
03bfc8PX,Connecticut
0FgB9xO5,Michigan
0Oj1Mqu6,North Carolina
0T0z7etk,Connecticut
0W3iPRje,Arizona
0y9JGPFA,Connecticut
12ujfTp9,Michigan
155sXZoM,Michigan
15qV1Sfs,Ohio
1DTjBlUH,Washington
1eHqy6oH,Tennessee
1ffBgVVx,Texas
1HmwTAsk,Connecticut
1Is42BZa,Colorado
1KQFj8fX,New Jersey
1o6OTTPx,Kentucky
1QtFYKJw,Georgia
1y0HA9IR,Georgia
21Zvhc8D,Illinois
2fqmO9Jr,Illinois
2GjkloN1,Maryland
2hsfWkrC,South Carolina
2JX0NNRP,California
2p17fr4C,Pennsylvania
2qGFq562,North Carolina
2SRg3oit,Virginia
2ub9nLjW,North Carolina
37EK4pEt,South Carolina
3jCIEwvJ,Connecticut
3JjhcaKM,Virginia
3kZZl4Ab,Minnesota
3oobQmzv,Florida
3QHtDP9b,Wisconsin
3whlIzHi,Ohio
41l76c1z,North Carolina
41XJOLlX,Pennsylvania
48i2GDrm,California
4HcQv4XN,Indiana
4KPONu3O,New Jersey
4S5jIc1x,Illinois
4SFhbOMZ,Texas
4uG4yAM6,Massachusetts
4xHG6r1k,Virginia
51vTfGPl,Illinois
57Y3c5wn,Arizona
5ETbB8Pk,Pennsylvania
5gGUNhsh,Virginia
5KRUhoVG,Michigan
5QqfPIyl,Illinois
5yC366yy,Indiana
63SAIcY9,Massachusetts
6an7m9Vh,Michigan
6con53S4,Ohio
6lrrC4jc,New Jersey
7lH9zMKO,Missouri
85PtmjHW,Virginia
8bWR0rKc,Massachusetts
8deQOzxG,Massachusetts
8L4V6lOR,Washington
8m1Z4FIt,Tennessee
8nXiWqsu,Ohio
8QwGt2k1,Michigan
8R5vPfow,Arizona
8UjwtvDY,Wisconsin
8vaWQy2V,Colorado
8vx0d0o2,Tennessee
8WCl8knZ,Tennessee
8wcoWFoe,Florida
8woPeX9P,Maryland
8xWjmMGz,Tennessee
9djTrfc6,Kentucky
9ipsq2u7,Washington
9JS47NYw,Georgia
9PSQziMT,Pennsylvania
9PYXLKoU,Minnesota
9tEpZZRz,Indiana
9ukZ8ND1,Indiana
9XebLeaq,Indiana
9zDKpSot,Georgia
a5W3X4gX,Arizona
ac23apcE,Michigan
aDNKgeIn,Indiana
AFEn3z5d,Tennessee
AjASnAGX,Wisconsin
AJYJElxJ,Missouri
aKHhHayP,Washington
aQ3IDAdm,Wisconsin
aTnnrWTZ,Indiana
avDT7jcj,Colorado
AxRUpCNs,Pennsylvania
AZvUhERE,Georgia
b4UUQ0s8,Michigan
Be8Q6vNu,Massachusetts
Bfs0QOME,Tennessee
bHEav6Nm,Indiana
BkSCwCcU,Missouri
blrSWt6v,Tennessee
BLzHfz3t,Virginia
BM0lIsug,South Carolina
BmS6i4Pt,Michigan
BwSeId75,Minnesota
bxtl8nv8,Maryland
BzB9Eyac,Tennessee
c12e80Qd,Texas
C2xfIU1m,South Carolina
ca2iQPkv,California
cCqw30fC,Arizona
cDd6xTmr,Colorado
ciG9Lv3g,North Carolina
cK3oVjbq,Minnesota
cLxUif6s,Tennessee
cozMdant,Massachusetts
cpTCCHHN,Connecticut
csmcYm4c,New Jersey
ct8sDUHM,California
cTBaH7ZI,Pennsylvania
cuYdswxB,Pennsylvania
CvB003PM,Ohio
CWJr0NRN,New York
D2tmy2Eg,Massachusetts
d2W7JDPJ,Colorado
DAdn1Ay5,Missouri
DCcdx1se,Maryland
dDiGADKd,Tennessee
dE2zBRgF,Missouri
dfOB1rca,Georgia
DfQnPOMb,Missouri
dGYketTG,Michigan
dJ7B1LE7,Ohio
djkWNdRf,Maryland
dJp62hDi,Pennsylvania
dKwIrMIk,California
DLJ9YV5c,Massachusetts
dloZHc9z,Wisconsin
dnrJi7sC,Arizona
dryRMMc3,Virginia
DvJXNMET,Indiana
DWKWLCR7,Minnesota
dY5Y9pFy,Tennessee
dYvpiYKn,Missouri
e1WJnLn0,Pennsylvania
E4mGh3Ry,Florida
e7EcsAlX,Virginia
e9HIGYGJ,New York
ECXxGLgC,Colorado
eDA4OKmT,North Carolina
EDnvMju3,Maryland
EeoyfUZg,Colorado
EGj9dCgZ,Missouri
EIYFw6KG,Minnesota
eJ85fvMN,Wisconsin
EJHwBVJv,Illinois
ejVObfVH,Texas
epwukO49,Virginia
eR3pzh84,Ohio
esQeqgmU,Wisconsin
EwAvuQg2,Florida
eYTuHo9l,South Carolina
F9UPVFDk,Colorado
FbaIJAab,Tennessee
FbyRBlwn,Texas
fetzTUEH,Pennsylvania
FHy6JhqX,New York
FJglPMf1,Michigan
fKbYWosc,Indiana
FMIbOGKp,Georgia
fnCME3Ek,South Carolina
fo16hD8h,Minnesota
Fsq6AzyV,Massachusetts
fuQstCMT,Connecticut
fz52TcGK,Indiana
g5OPctYC,Maryland
G5R0gi9W,Florida
Gc5Kjdkq,Florida
GccciTvZ,New York
GeUUg5qP,Indiana
gevk4ykU,Illinois
gjqmlMjW,Arizona
gMBwUYuB,Florida
gMcCMRT3,Tennessee
Go8NcUY6,Florida
gp4IiyDx,South Carolina
Gqi7w4e4,North Carolina
gqoGVHJL,Connecticut
gsA69fh1,Missouri
gV1PWpt3,Tennessee
gWAc7O1R,Tennessee
gyGLtke0,Virginia
GzR1Iv8b,Kentucky
GzYvZJNS,Michigan
H0NzLgaG,Wisconsin
h72kCDa9,New Jersey
HeYGkAII,Connecticut
hHjtkku7,Georgia
hic8ctFh,Minnesota
HKaNPkCw,Florida
hlxSjGyA,Pennsylvania
hpFOMeH4,Texas
HrNMSiA1,North Carolina
hrXI0xI0,Massachusetts
HSoNkRcx,Ohio
HtAd32ji,Texas
HUrIsbG0,Texas
HxNWFOCW,Maryland
IGWhfEQi,North Carolina
iLoHRCaa,Massachusetts
ImUx8a5u,South Carolina
INdMdQgP,Virginia
iOtNIfGP,South Carolina
IS6P7lJk,Connecticut
IToGJ1QZ,Maryland
IvyWViYS,Michigan
Izn9B0nF,Maryland
jbcpEN2X,South Carolina
JbM7Q1Sr,Washington
JJGAgbfw,North Carolina
JmxJseyG,Maryland
JP8RvqW0,California
JpgDgZYi,Tennessee
jpHAKRYl,Indiana
JTBJahe8,Georgia
jTneAAvI,Connecticut
jW9o3RUR,Maryland
jZK8tfph,Colorado
K2FYv5RW,Kentucky
k374rfPx,Tennessee
k7VpHlJk,Arizona
K8QTARV5,South Carolina
k9tgLb7t,Virginia
KAlQQfHx,Arizona
kaupYoTV,Minnesota
KAxIRlWE,Massachusetts
KErc7eR7,Colorado
kF8wHHY0,Florida
kirtrFje,Michigan
KJ1Fjdxa,Minnesota
klfN3yNR,New Jersey
kNiYn0nZ,Indiana
KpK12yR5,Minnesota
KpLMcNfA,Florida
KR69yz8T,Tennessee
KsEECvl9,Missouri
ku2HChRn,Tennessee
KUKo9Q3v,Pennsylvania
kvASFsQ8,Indiana
kyayq7YY,Massachusetts
KyEa8wtW,Pennsylvania
l1XRDSEO,Colorado
l3c2sxZR,North Carolina
l64IP9dH,Missouri
La3X2UfU,Arizona
lb8z2CJV,Missouri
LBtKNdN9,Colorado
lE5NMc4Y,Washington
LF8vwiQP,North Carolina
lFcfdoMo,Maryland
LfRiuhpt,Massachusetts
LFXXmU5I,Missouri
LgjgkCDu,Washington
lhQ3biaw,Ohio
LJjBictx,Kentucky
LLq60ebe,Missouri
lm41m1dp,Texas
lMu6Z9No,South Carolina
lNKtzJ1a,Colorado
lRLQyfXN,New Jersey
lrzjNMRS,New Jersey
lV7vY7AZ,South Carolina
lZieTX8D,Tennessee
M41PREsI,Minnesota
m5PCZif5,Missouri
mAQ8yRV5,New York
MBgYSh2P,Indiana
meLS1Opg,Arizona
micBfRBm,California
MjRC8xxC,Massachusetts
MM9VThX0,Colorado
MPfmCn60,Virginia
mrWYksRq,New Jersey
MstRgEev,Pennsylvania
mvAK56Dj,New Jersey
mvoyK1pF,Virginia
MzXubOrY,Wisconsin
n2oPoRnr,South Carolina
N6E32VUd,Missouri
nc7d8YzG,Ohio
nHEwEgCU,Kentucky
NIb6zLKQ,Massachusetts
NjpiEQhK,Florida
NOQ7N6EQ,New Jersey
NTsRw6Ri,New York
nW3XdiGs,Indiana
nyADvkxt,California
NyXwNb3R,Florida
o06UKuKM,Kentucky
o1evMXN9,Colorado
o52HAS5x,Tennessee
OaSkfF2B,Texas
oavw1O9Z,Pennsylvania
ObF4OIsP,Florida
oCYS8kgn,Virginia
oDsqDdg0,Ohio
OeFDGxdF,Washington
oeGPrnjl,Tennessee
oIwO1S4a,Florida
OjtR469Y,Tennessee
OKg7FjvV,Texas
OluOdaCr,Arizona
OlYxGohm,Minnesota
ot2TjZD6,New York
oupA6Uur,Maryland
oVfBgWOT,Kentucky
OYNDeh15,Pennsylvania
ozSptQLx,Massachusetts
P1jF7TsG,Wisconsin
P4XJU3nB,Connecticut
P7kG2E2F,New Jersey
p9cR4uy6,Arizona
PbgzAcJJ,Maryland
PBr1xiRU,Wisconsin
pciKLkiO,Tennessee
pDwjrm74,Texas
PeCDRHwi,Colorado
pF6LjoDO,Colorado
PfTganEe,Ohio
Pj6r0jed,Texas
PNcKPRPz,Arizona
pnLwddsF,Maryland
pPakfrXz,Washington
Prp9hbVl,Colorado
PYcy4OqX,Tennessee
pyKwKsSs,Colorado
PYvK2g5H,Maryland
PZSqNEm9,Colorado
q0aVnLec,Colorado
q0wrYzfx,Washington
Q3VZprkY,Missouri
q608E9Zs,California
Q8VS8IAL,Massachusetts
Q911xJPM,Texas
QfkplJek,Indiana
qfxQ5Pkd,Colorado
QTupqziQ,Connecticut
qxocQnH6,North Carolina
QxTChgWQ,Michigan
qYgUadyC,Georgia
qypCWr9v,Kentucky
qyPFKMEc,Tennessee
QZ7mBhIo,Tennessee
R02fP2PW,Wisconsin
r5IKQcl7,Florida
R8KCDXsX,Kentucky
RaE6iPlM,Kentucky
rBFbyvQR,Illinois
RbpxFMCl,Maryland
RC3nf5gi,Washington
rCQBFMCA,Kentucky
RFAT1CFk,Massachusetts
RLSGjwbE,Maryland
roe8miXX,Minnesota
roIskXDK,Missouri
RPBHAx3c,Illinois
RPetSBU9,New Jersey
RpQgwXJ4,New York
Rt0TSMcn,Texas
rU4hX5bv,Massachusetts
RU8VVQmx,Texas
RVJ3oVPJ,New York
RXia9J7k,California
RXVd6MVF,Wisconsin
S74xD8Fu,Connecticut
Sb22Q4tn,Ohio
SCuetcZT,Minnesota
sGQONvf0,South Carolina
SHBo8ZEY,New Jersey
SKoCxzDX,Ohio
sMnTvnRO,South Carolina
SOF9KYpu,Minnesota
sOTGXABS,Indiana
SpdQhDtk,Connecticut
SQd7yyA9,South Carolina
sRRLFHQt,Minnesota
SsilUa8S,Indiana
sTnSTFuE,Arizona
SUd82kgA,Illinois
sUt1LLQF,Illinois
SWprz9vs,Connecticut
SyFzpjPS,New York
sZpTefrj,Indiana
t4GJnPQD,Pennsylvania
T9Md8X0l,Georgia
T9TPrB5y,Pennsylvania
TiHnJuQE,Pennsylvania
TjanGDxd,Indiana
TLFf5GCZ,Kentucky
tLUKaqPx,North Carolina
tNZPHaQ0,Washington
ToRIOYE6,Wisconsin
Tow88H5s,Colorado
tsnBYLMP,Kentucky
TuyMHsDG,Texas
TV7JOnmn,Georgia
TvcfedlY,Virginia
tylWIEp2,Kentucky
U0igyQMM,Michigan
U27c66lA,Georgia
U3SObMEq,Tennessee
u3TlXfFv,Wisconsin
U6ZefyJz,Texas
u7NukzNV,Missouri
UAFJWpSE,New Jersey
UAk4AF4y,Arizona
uaT3RHXV,California
uDCCRnGE,Illinois
UfGVwdgB,California
ufJDaxms,Connecticut
uGf8gk9X,Illinois
ujCeECOt,Colorado
ul9z9usV,Illinois
UmuhVI8W,Connecticut
Uo1aWbtD,Kentucky
uVAlmiYI,California
Uy7zNPHs,Massachusetts
uYiprPfp,Wisconsin
v0Yttr1F,California
V3vZhD9e,Minnesota
vfLQj6wt,Texas
Vg8WnOnq,New Jersey
VGt1SJ3u,Missouri
vJB9DoZz,Georgia
VlhaTiSa,Pennsylvania
VN4mCLBy,Colorado
vpaaQf6h,Washington
vQhAw3Q8,New Jersey
VqUZJW6l,Virginia
VRqLy0O8,Indiana
vtuikU8B,Missouri
vXiOqkVC,Indiana
VXXFJGhK,Arizona
VzYZ2Is9,Pennsylvania
W1HmbRaO,Ohio
W5CN0U5G,Colorado
w712llpL,Wisconsin
w7GgsYRt,Ohio
w9XZjscs,New Jersey
WaAi1Ooe,Connecticut
wal3jKQz,Washington
WB36Ud9s,North Carolina
WcWUCInB,Colorado
wez3VcBb,Maryland
WGiCklK8,Kentucky
WIZQ0nWp,New Jersey
WkFGDF4t,Maryland
WLIVMmXU,Michigan
wLtO9BSq,Michigan
WPel8XOF,Florida
WrgiflBC,South Carolina
wSDrtqoh,New York
WWlEHPC6,Massachusetts
WYpja7Ab,North Carolina
X744bpne,Arizona
xB4zVC59,South Carolina
XFmoijes,Illinois
xgRoEbN4,Missouri
xhWrKoZB,Missouri
XL8Sb24W,Georgia
XlNQGqkU,South Carolina
Xn3RB1gn,Missouri
Xo62fsM4,Illinois
XR0upt4j,Connecticut
xS5ZIMO6,New York
XspthdpA,Illinois
xumDhqQ3,Colorado
XywLZV6W,New York
y3NAp935,Florida
Y4XfzGVr,Ohio
Y59YVkQf,North Carolina
Y8hyqIUs,California
YA6dr3Pi,Wisconsin
yDIPwtqx,South Carolina
YeKgZ3Il,Wisconsin
YgFmMmXq,Georgia
YKYcwIBQ,Florida
YO9FPulT,Pennsylvania
ypGYYZSs,Wisconsin
yr0Yzxh7,Massachusetts
yRhIaPUN,Missouri
YrLdwGet,California
YRu9JdaV,New Jersey
Ys3I4w4A,Georgia
yTYOjVyu,Connecticut
YWXfiNBO,New York
YxyE6D4c,North Carolina
yYHuSAAj,Minnesota
z0WJcDfu,Ohio
Z2csbuq8,Washington
ZAP4Zkhi,California
zcz44vSp,California
ZDQHJMu8,New Jersey
zFeKORdj,Indiana
ZhvkUDPq,Kentucky
ZIAWLoJd,North Carolina
ZiJdL9JJ,Wisconsin
ZivTl6Z2,Georgia
ziX2H4Kb,Texas
zLhww2DN,North Carolina
ZMi3qdPE,Ohio
znD0YmTv,Indiana
zOtUSWoB,Georgia
zrm9h820,New Jersey
Zs1Se02Y,New Jersey
zTOAshzb,Wisconsin
zv1NyZ3v,Ohio
zVi23QhV,Wisconsin
ZzbooUin,Kentucky
