guest_id,seg
BkSCwCcU,high_value
sOTGXABS,occasional
BmS6i4Pt,high_value
BmS6i4Pt,high_value
U27c66lA,occasional
U27c66lA,other
KErc7eR7,high_value
DLJ9YV5c,occasional
DLJ9YV5c,occasional
aDNKgeIn,high_value
85PtmjHW,occasional
85PtmjHW,occasional
PYvK2g5H,high_value
o06UKuKM,high_value
o06UKuKM,high_value
gevk4ykU,occasional
gevk4ykU,occasional
mvAK56Dj,high_value
Y59YVkQf,high_value
41XJOLlX,occasional
41XJOLlX,occasional
zLhww2DN,high_value
l64IP9dH,occasional
oavw1O9Z,high_value
kyayq7YY,high_value
kyayq7YY,high_value
gV1PWpt3,high_value
gV1PWpt3,high_value
TuyMHsDG,occasional
TuyMHsDG,core
VXXFJGhK,core
VXXFJGhK,occasional
Q8VS8IAL,high_value
Q8VS8IAL,high_value
9XebLeaq,high_value
9XebLeaq,high_value
XFmoijes,core
XFmoijes,occasional
ZAP4Zkhi,high_value
e9HIGYGJ,occasional
RC3nf5gi,core
RC3nf5gi,occasional
HeYGkAII,high_value
UAFJWpSE,high_value
155sXZoM,high_value
155sXZoM,high_value
Rt0TSMcn,high_value
Rt0TSMcn,high_value
lFcfdoMo,other
lFcfdoMo,occasional
nc7d8YzG,high_value
nc7d8YzG,high_value
9ipsq2u7,occasional
dYvpiYKn,occasional
WWlEHPC6,high_value
Izn9B0nF,high_value
Izn9B0nF,high_value
SyFzpjPS,core
SyFzpjPS,occasional
ejVObfVH,occasional
AZvUhERE,high_value
AZvUhERE,high_value
Y4XfzGVr,occasional
Y4XfzGVr,core
0Oj1Mqu6,occasional
0Oj1Mqu6,occasional
gMcCMRT3,high_value
gMcCMRT3,high_value
jW9o3RUR,occasional
jW9o3RUR,core
hic8ctFh,high_value
hic8ctFh,high_value
sMnTvnRO,high_value
G5R0gi9W,occasional
PbgzAcJJ,high_value
PbgzAcJJ,high_value
uYiprPfp,occasional
3whlIzHi,occasional
3whlIzHi,occasional
PZSqNEm9,occasional
E4mGh3Ry,occasional
E4mGh3Ry,occasional
GeUUg5qP,high_value
XywLZV6W,high_value
fnCME3Ek,high_value
fnCME3Ek,high_value
FbyRBlwn,occasional
FbyRBlwn,occasional
q0aVnLec,high_value
q0aVnLec,high_value
dloZHc9z,high_value
dloZHc9z,high_value
wal3jKQz,occasional
wal3jKQz,core
48i2GDrm,high_value
esQeqgmU,high_value
esQeqgmU,high_value
8R5vPfow,occasional
MBgYSh2P,occasional
xhWrKoZB,high_value
cozMdant,occasional
cozMdant,occasional
0FgB9xO5,occasional
0FgB9xO5,occasional
dJp62hDi,occasional
dJp62hDi,occasional
pF6LjoDO,occasional
pF6LjoDO,core
xumDhqQ3,high_value
xumDhqQ3,high_value
SWprz9vs,high_value
IvyWViYS,high_value
RbpxFMCl,occasional
RbpxFMCl,other
OaSkfF2B,high_value
3QHtDP9b,high_value
3QHtDP9b,high_value
RXia9J7k,high_value
Sb22Q4tn,high_value
o1evMXN9,occasional
o1evMXN9,other
lb8z2CJV,occasional
lb8z2CJV,core
Bfs0QOME,high_value
Bfs0QOME,high_value
WB36Ud9s,high_value
WB36Ud9s,high_value
KyEa8wtW,occasional
cTBaH7ZI,high_value
cTBaH7ZI,high_value
NIb6zLKQ,high_value
t4GJnPQD,high_value
RaE6iPlM,occasional
RaE6iPlM,other
lhQ3biaw,occasional
EJHwBVJv,occasional
EJHwBVJv,occasional
QTupqziQ,occasional
QTupqziQ,other
nHEwEgCU,high_value
nHEwEgCU,high_value
TiHnJuQE,other
TiHnJuQE,occasional
N6E32VUd,other
N6E32VUd,occasional
u7NukzNV,occasional
u7NukzNV,other
oupA6Uur,high_value
oupA6Uur,high_value
CWJr0NRN,high_value
CWJr0NRN,high_value
0y9JGPFA,occasional
0y9JGPFA,occasional
MzXubOrY,occasional
MzXubOrY,core
Gc5Kjdkq,high_value
Z2csbuq8,occasional
Z2csbuq8,other
LF8vwiQP,occasional
LF8vwiQP,other
ZiJdL9JJ,occasional
ZiJdL9JJ,core
9tEpZZRz,high_value
bHEav6Nm,high_value
9djTrfc6,high_value
9djTrfc6,high_value
4xHG6r1k,occasional
4xHG6r1k,occasional
JmxJseyG,high_value
JmxJseyG,high_value
vQhAw3Q8,high_value
RPBHAx3c,occasional
RPBHAx3c,core
klfN3yNR,other
klfN3yNR,occasional
FJglPMf1,high_value
c12e80Qd,occasional
D2tmy2Eg,occasional
D2tmy2Eg,occasional
pPakfrXz,high_value
pPakfrXz,high_value
uDCCRnGE,core
uDCCRnGE,occasional
HSoNkRcx,occasional
HSoNkRcx,other
dGYketTG,occasional
dGYketTG,occasional
PBr1xiRU,occasional
PBr1xiRU,other
csmcYm4c,high_value
l3c2sxZR,occasional
l3c2sxZR,other
KJ1Fjdxa,occasional
KJ1Fjdxa,core
U6ZefyJz,other
U6ZefyJz,occasional
YKYcwIBQ,high_value
ufJDaxms,high_value
roIskXDK,occasional
roIskXDK,other
5yC366yy,high_value
5yC366yy,high_value
l1XRDSEO,core
l1XRDSEO,occasional
FbaIJAab,occasional
FbaIJAab,occasional
CvB003PM,occasional
CvB003PM,occasional
oeGPrnjl,high_value
oeGPrnjl,high_value
Uy7zNPHs,high_value
Uy7zNPHs,high_value
3jCIEwvJ,occasional
3jCIEwvJ,occasional
ul9z9usV,other
ul9z9usV,occasional
La3X2UfU,high_value
La3X2UfU,high_value
meLS1Opg,high_value
meLS1Opg,high_value
NjpiEQhK,high_value
SsilUa8S,other
SsilUa8S,occasional
IGWhfEQi,high_value
IGWhfEQi,high_value
aQ3IDAdm,occasional
aQ3IDAdm,occasional
2JX0NNRP,occasional
2JX0NNRP,occasional
AxRUpCNs,occasional
HtAd32ji,high_value
HtAd32ji,high_value
yDIPwtqx,high_value
9JS47NYw,occasional
9JS47NYw,occasional
KpLMcNfA,other
KpLMcNfA,occasional
OKg7FjvV,occasional
OKg7FjvV,other
8bWR0rKc,high_value
tLUKaqPx,high_value
Tow88H5s,occasional
Tow88H5s,other
1y0HA9IR,occasional
1y0HA9IR,occasional
ozSptQLx,occasional
ozSptQLx,core
NOQ7N6EQ,high_value
NOQ7N6EQ,high_value
DvJXNMET,occasional
DvJXNMET,occasional
dDiGADKd,occasional
m5PCZif5,occasional
m5PCZif5,core
FMIbOGKp,occasional
FMIbOGKp,occasional
zTOAshzb,high_value
BLzHfz3t,occasional
BLzHfz3t,occasional
fo16hD8h,high_value
fo16hD8h,high_value
41l76c1z,high_value
03bfc8PX,high_value
pyKwKsSs,high_value
pyKwKsSs,high_value
TLFf5GCZ,high_value
TLFf5GCZ,high_value
WYpja7Ab,high_value
WYpja7Ab,high_value
MjRC8xxC,occasional
MjRC8xxC,other
epwukO49,high_value
epwukO49,high_value
eDA4OKmT,high_value
eDA4OKmT,high_value
YgFmMmXq,high_value
YgFmMmXq,high_value
e1WJnLn0,high_value
e1WJnLn0,high_value
RXVd6MVF,high_value
lrzjNMRS,high_value
lrzjNMRS,high_value
5gGUNhsh,occasional
5gGUNhsh,occasional
Uo1aWbtD,high_value
K2FYv5RW,occasional
k374rfPx,high_value
r5IKQcl7,high_value
r5IKQcl7,high_value
PNcKPRPz,high_value
PNcKPRPz,high_value
zcz44vSp,occasional
zcz44vSp,other
kirtrFje,core
kirtrFje,occasional
o52HAS5x,core
o52HAS5x,occasional
Q911xJPM,other
Q911xJPM,occasional
lRLQyfXN,occasional
lRLQyfXN,core
dfOB1rca,occasional
dfOB1rca,occasional
sZpTefrj,occasional
sZpTefrj,other
HrNMSiA1,core
HrNMSiA1,occasional
AFEn3z5d,occasional
AFEn3z5d,occasional
JpgDgZYi,occasional
JpgDgZYi,core
KAxIRlWE,occasional
KAxIRlWE,other
oCYS8kgn,high_value
oCYS8kgn,high_value
fKbYWosc,high_value
8xWjmMGz,high_value
8xWjmMGz,high_value
ct8sDUHM,occasional
n2oPoRnr,occasional
ImUx8a5u,high_value
Q3VZprkY,high_value
Q3VZprkY,high_value
R02fP2PW,occasional
R02fP2PW,other
JP8RvqW0,high_value
8WCl8knZ,occasional
8WCl8knZ,occasional
AjASnAGX,occasional
AjASnAGX,occasional
OjtR469Y,occasional
OjtR469Y,core
8m1Z4FIt,high_value
8m1Z4FIt,high_value
TjanGDxd,high_value
TjanGDxd,high_value
OYNDeh15,occasional
OYNDeh15,other
SQd7yyA9,occasional
SQd7yyA9,core
xgRoEbN4,high_value
MM9VThX0,high_value
bxtl8nv8,high_value
bxtl8nv8,high_value
Xo62fsM4,high_value
51vTfGPl,occasional
51vTfGPl,occasional
sUt1LLQF,high_value
sUt1LLQF,high_value
avDT7jcj,high_value
8woPeX9P,occasional
8woPeX9P,occasional
IToGJ1QZ,core
IToGJ1QZ,occasional
y3NAp935,occasional
y3NAp935,other
ca2iQPkv,occasional
ca2iQPkv,occasional
cLxUif6s,occasional
cLxUif6s,occasional
12ujfTp9,high_value
12ujfTp9,high_value
7lH9zMKO,high_value
7lH9zMKO,high_value
U0igyQMM,occasional
U0igyQMM,other
e7EcsAlX,occasional
e7EcsAlX,occasional
ziX2H4Kb,core
ziX2H4Kb,occasional
znD0YmTv,high_value
Ys3I4w4A,high_value
a5W3X4gX,high_value
a5W3X4gX,high_value
EDnvMju3,high_value
XL8Sb24W,occasional
XL8Sb24W,core
lZieTX8D,other
lZieTX8D,occasional
KsEECvl9,occasional
KsEECvl9,core
QxTChgWQ,high_value
QxTChgWQ,high_value
h72kCDa9,occasional
WPel8XOF,occasional
WPel8XOF,core
63SAIcY9,occasional
63SAIcY9,occasional
XR0upt4j,occasional
XR0upt4j,core
jZK8tfph,occasional
jZK8tfph,other
VN4mCLBy,high_value
VN4mCLBy,high_value
hpFOMeH4,high_value
hpFOMeH4,high_value
5KRUhoVG,high_value
5KRUhoVG,high_value
rBFbyvQR,high_value
rBFbyvQR,high_value
Vg8WnOnq,occasional
p9cR4uy6,occasional
p9cR4uy6,other
PYcy4OqX,occasional
PYcy4OqX,core
aTnnrWTZ,high_value
aTnnrWTZ,high_value
gyGLtke0,occasional
gyGLtke0,other
kF8wHHY0,high_value
qyPFKMEc,core
qyPFKMEc,occasional
RpQgwXJ4,other
RpQgwXJ4,occasional
vXiOqkVC,occasional
vXiOqkVC,other
gp4IiyDx,occasional
gp4IiyDx,core
NyXwNb3R,other
NyXwNb3R,occasional
nyADvkxt,high_value
LLq60ebe,occasional
LLq60ebe,core
roe8miXX,high_value
roe8miXX,high_value
0W3iPRje,high_value
0W3iPRje,high_value
oIwO1S4a,occasional
oIwO1S4a,core
8nXiWqsu,occasional
8nXiWqsu,occasional
UfGVwdgB,other
UfGVwdgB,occasional
uaT3RHXV,occasional
JTBJahe8,high_value
JTBJahe8,high_value
pciKLkiO,occasional
Gqi7w4e4,occasional
Gqi7w4e4,core
8vaWQy2V,occasional
8vaWQy2V,occasional
15qV1Sfs,high_value
NTsRw6Ri,high_value
ECXxGLgC,high_value
ECXxGLgC,high_value
fetzTUEH,occasional
fetzTUEH,occasional
LfRiuhpt,high_value
LfRiuhpt,high_value
ZMi3qdPE,occasional
ZMi3qdPE,core
wLtO9BSq,occasional
wLtO9BSq,other
tNZPHaQ0,occasional
tNZPHaQ0,other
0T0z7etk,high_value
qxocQnH6,occasional
3JjhcaKM,high_value
3JjhcaKM,high_value
P4XJU3nB,high_value
P4XJU3nB,high_value
VqUZJW6l,occasional
DfQnPOMb,occasional
DfQnPOMb,occasional
lV7vY7AZ,high_value
lV7vY7AZ,high_value
jbcpEN2X,high_value
jbcpEN2X,high_value
oVfBgWOT,core
oVfBgWOT,occasional
lMu6Z9No,other
lMu6Z9No,occasional
21Zvhc8D,occasional
21Zvhc8D,occasional
2SRg3oit,occasional
2SRg3oit,occasional
8wcoWFoe,high_value
X744bpne,high_value
kNiYn0nZ,high_value
T9TPrB5y,occasional
T9TPrB5y,core
SKoCxzDX,high_value
SKoCxzDX,high_value
cpTCCHHN,occasional
cpTCCHHN,occasional
RVJ3oVPJ,occasional
RVJ3oVPJ,core
gWAc7O1R,high_value
sRRLFHQt,occasional
sRRLFHQt,other
g5OPctYC,occasional
g5OPctYC,occasional
LBtKNdN9,occasional
8deQOzxG,high_value
8deQOzxG,high_value
zOtUSWoB,occasional
zOtUSWoB,core
DAdn1Ay5,high_value
DAdn1Ay5,high_value
gsA69fh1,occasional
gsA69fh1,other
d2W7JDPJ,high_value
dKwIrMIk,occasional
dKwIrMIk,occasional
gqoGVHJL,occasional
gqoGVHJL,core
H0NzLgaG,high_value
K8QTARV5,occasional
K8QTARV5,core
Xn3RB1gn,occasional
Xn3RB1gn,core
57Y3c5wn,occasional
57Y3c5wn,occasional
2qGFq562,high_value
2qGFq562,high_value
ZhvkUDPq,occasional
ZhvkUDPq,core
k9tgLb7t,occasional
k9tgLb7t,other
eJ85fvMN,occasional
eJ85fvMN,occasional
rU4hX5bv,core
rU4hX5bv,occasional
qypCWr9v,high_value
qypCWr9v,high_value
b4UUQ0s8,occasional
b4UUQ0s8,occasional
djkWNdRf,occasional
djkWNdRf,occasional
W5CN0U5G,occasional
W5CN0U5G,core
YO9FPulT,high_value
vpaaQf6h,high_value
vpaaQf6h,high_value
1o6OTTPx,occasional
1o6OTTPx,occasional
jpHAKRYl,core
jpHAKRYl,occasional
LFXXmU5I,occasional
LFXXmU5I,core
pDwjrm74,high_value
pDwjrm74,high_value
2hsfWkrC,high_value
cK3oVjbq,occasional
2p17fr4C,high_value
5ETbB8Pk,high_value
P1jF7TsG,high_value
P1jF7TsG,high_value
KpK12yR5,occasional
KpK12yR5,other
eR3pzh84,occasional
eR3pzh84,occasional
lE5NMc4Y,occasional
lE5NMc4Y,other
PfTganEe,occasional
PfTganEe,other
YxyE6D4c,high_value
mrWYksRq,occasional
mrWYksRq,core
GccciTvZ,occasional
GccciTvZ,occasional
ac23apcE,occasional
ac23apcE,occasional
UAk4AF4y,high_value
UAk4AF4y,high_value
EwAvuQg2,high_value
4S5jIc1x,high_value
4S5jIc1x,high_value
V3vZhD9e,other
V3vZhD9e,occasional
ToRIOYE6,occasional
ToRIOYE6,core
mvoyK1pF,other
mvoyK1pF,occasional
w7GgsYRt,occasional
w7GgsYRt,other
Zs1Se02Y,occasional
Go8NcUY6,occasional
HKaNPkCw,occasional
ZIAWLoJd,high_value
KUKo9Q3v,high_value
KUKo9Q3v,high_value
PeCDRHwi,occasional
PeCDRHwi,core
v0Yttr1F,core
v0Yttr1F,occasional
WaAi1Ooe,high_value
VlhaTiSa,high_value
VlhaTiSa,high_value
ciG9Lv3g,occasional
ciG9Lv3g,occasional
tsnBYLMP,core
tsnBYLMP,occasional
4SFhbOMZ,high_value
4SFhbOMZ,high_value
zv1NyZ3v,occasional
zv1NyZ3v,other
6con53S4,occasional
6con53S4,occasional
vJB9DoZz,occasional
vJB9DoZz,other
kaupYoTV,other
kaupYoTV,occasional
jTneAAvI,occasional
jTneAAvI,core
8L4V6lOR,occasional
8L4V6lOR,occasional
2GjkloN1,occasional
5QqfPIyl,high_value
5QqfPIyl,high_value
Fsq6AzyV,high_value
Fsq6AzyV,high_value
9PYXLKoU,occasional
9PYXLKoU,occasional
2fqmO9Jr,occasional
2fqmO9Jr,occasional
ot2TjZD6,occasional
ot2TjZD6,other
KAlQQfHx,high_value
OluOdaCr,occasional
OluOdaCr,core
LJjBictx,high_value
YeKgZ3Il,core
YeKgZ3Il,occasional
VGt1SJ3u,occasional
iLoHRCaa,occasional
iLoHRCaa,other
RU8VVQmx,occasional
RU8VVQmx,core
8UjwtvDY,occasional
8UjwtvDY,occasional
w712llpL,occasional
w712llpL,other
SUd82kgA,occasional
SUd82kgA,other
SpdQhDtk,high_value
uVAlmiYI,high_value
uVAlmiYI,high_value
RFAT1CFk,high_value
QfkplJek,occasional
QfkplJek,core
IS6P7lJk,occasional
Y8hyqIUs,other
Y8hyqIUs,occasional
Prp9hbVl,high_value
Prp9hbVl,high_value
9zDKpSot,occasional
9zDKpSot,occasional
wSDrtqoh,core
wSDrtqoh,occasional
1QtFYKJw,occasional
1QtFYKJw,occasional
nW3XdiGs,occasional
YrLdwGet,core
YrLdwGet,occasional
VzYZ2Is9,high_value
VzYZ2Is9,high_value
VRqLy0O8,occasional
VRqLy0O8,other
6lrrC4jc,occasional
6lrrC4jc,occasional
q0wrYzfx,occasional
fz52TcGK,occasional
fz52TcGK,occasional
xS5ZIMO6,core
xS5ZIMO6,occasional
lNKtzJ1a,high_value
lNKtzJ1a,high_value
rCQBFMCA,high_value
P7kG2E2F,occasional
hlxSjGyA,high_value
hlxSjGyA,high_value
GzYvZJNS,high_value
R8KCDXsX,other
R8KCDXsX,occasional
UmuhVI8W,high_value
UmuhVI8W,high_value
kvASFsQ8,high_value
kvASFsQ8,high_value
YA6dr3Pi,occasional
WIZQ0nWp,high_value
WIZQ0nWp,high_value
U3SObMEq,occasional
U3SObMEq,other
SHBo8ZEY,high_value
fuQstCMT,high_value
fuQstCMT,high_value
qfxQ5Pkd,other
qfxQ5Pkd,occasional
8vx0d0o2,occasional
8vx0d0o2,occasional
AJYJElxJ,high_value
AJYJElxJ,high_value
dJ7B1LE7,high_value
u3TlXfFv,occasional
RPetSBU9,high_value
RPetSBU9,high_value
XlNQGqkU,high_value
XlNQGqkU,high_value
micBfRBm,occasional
micBfRBm,other
MPfmCn60,high_value
WLIVMmXU,other
WLIVMmXU,occasional
w9XZjscs,occasional
w9XZjscs,other
dnrJi7sC,occasional
dnrJi7sC,occasional
EIYFw6KG,high_value
EIYFw6KG,high_value
ku2HChRn,core
ku2HChRn,occasional
WGiCklK8,core
WGiCklK8,occasional
M41PREsI,occasional
M41PREsI,core
qYgUadyC,high_value
6an7m9Vh,occasional
6an7m9Vh,occasional
JbM7Q1Sr,occasional
JbM7Q1Sr,core
pnLwddsF,occasional
pnLwddsF,core
DCcdx1se,high_value
DCcdx1se,high_value
sGQONvf0,core
sGQONvf0,occasional
dY5Y9pFy,occasional
dY5Y9pFy,occasional
1KQFj8fX,occasional
1KQFj8fX,occasional
hHjtkku7,occasional
hHjtkku7,core
TvcfedlY,high_value
TvcfedlY,high_value
WrgiflBC,occasional
WrgiflBC,other
SOF9KYpu,other
SOF9KYpu,occasional
zVi23QhV,occasional
wez3VcBb,high_value
wez3VcBb,high_value
SCuetcZT,other
SCuetcZT,occasional
dryRMMc3,high_value
OeFDGxdF,high_value
OeFDGxdF,high_value
8QwGt2k1,high_value
8QwGt2k1,high_value
lm41m1dp,high_value
lm41m1dp,high_value
yYHuSAAj,occasional
yYHuSAAj,other
HUrIsbG0,other
HUrIsbG0,occasional
Be8Q6vNu,occasional
Be8Q6vNu,occasional
vfLQj6wt,high_value
vfLQj6wt,high_value
k7VpHlJk,occasional
JJGAgbfw,high_value
JJGAgbfw,high_value
YRu9JdaV,occasional
xB4zVC59,core
xB4zVC59,occasional
3oobQmzv,high_value
GzR1Iv8b,occasional
GzR1Iv8b,core
4uG4yAM6,high_value
4uG4yAM6,high_value
1ffBgVVx,high_value
1ffBgVVx,high_value
eYTuHo9l,high_value
eYTuHo9l,high_value
gMBwUYuB,occasional
gMBwUYuB,other
mAQ8yRV5,occasional
mAQ8yRV5,core
1Is42BZa,occasional
1Is42BZa,occasional
C2xfIU1m,occasional
C2xfIU1m,occasional
yr0Yzxh7,high_value
Pj6r0jed,occasional
Pj6r0jed,other
INdMdQgP,other
INdMdQgP,occasional
ZzbooUin,occasional
ZzbooUin,core
FHy6JhqX,high_value
FHy6JhqX,high_value
zFeKORdj,other
zFeKORdj,occasional
gjqmlMjW,occasional
gjqmlMjW,occasional
F9UPVFDk,high_value
F9UPVFDk,high_value
z0WJcDfu,occasional
9PSQziMT,high_value
9PSQziMT,high_value
T9Md8X0l,occasional
EGj9dCgZ,high_value
EGj9dCgZ,high_value
cuYdswxB,high_value
cuYdswxB,high_value
9ukZ8ND1,occasional
9ukZ8ND1,occasional
EeoyfUZg,high_value
LgjgkCDu,high_value
BM0lIsug,occasional
BM0lIsug,occasional
tylWIEp2,occasional
WcWUCInB,high_value
WcWUCInB,high_value
cCqw30fC,high_value
cCqw30fC,high_value
iOtNIfGP,core
iOtNIfGP,occasional
3kZZl4Ab,occasional
3kZZl4Ab,occasional
BwSeId75,occasional
BwSeId75,occasional
XspthdpA,high_value
XspthdpA,high_value
zrm9h820,occasional
zrm9h820,other
QZ7mBhIo,occasional
QZ7mBhIo,other
YWXfiNBO,occasional
YWXfiNBO,other
BzB9Eyac,occasional
BzB9Eyac,occasional
1eHqy6oH,occasional
1eHqy6oH,occasional
KR69yz8T,occasional
KR69yz8T,other
uGf8gk9X,high_value
uGf8gk9X,high_value
1HmwTAsk,occasional
1HmwTAsk,occasional
aKHhHayP,occasional
S74xD8Fu,occasional
S74xD8Fu,other
TV7JOnmn,other
TV7JOnmn,occasional
RLSGjwbE,occasional
hrXI0xI0,high_value
hrXI0xI0,high_value
dE2zBRgF,occasional
dE2zBRgF,occasional
1DTjBlUH,occasional
oDsqDdg0,other
oDsqDdg0,occasional
DWKWLCR7,occasional
DWKWLCR7,occasional
HxNWFOCW,occasional
sTnSTFuE,high_value
sTnSTFuE,high_value
2ub9nLjW,high_value
2ub9nLjW,high_value
blrSWt6v,occasional
blrSWt6v,occasional
WkFGDF4t,occasional
WkFGDF4t,core
ZDQHJMu8,high_value
ZivTl6Z2,occasional
ZivTl6Z2,other
ObF4OIsP,high_value
ObF4OIsP,high_value
W1HmbRaO,other
W1HmbRaO,occasional
cDd6xTmr,high_value
yRhIaPUN,occasional
MstRgEev,high_value
4KPONu3O,occasional
4KPONu3O,occasional
q608E9Zs,other
q608E9Zs,occasional
4HcQv4XN,high_value
4HcQv4XN,high_value
ujCeECOt,occasional
ujCeECOt,other
ypGYYZSs,occasional
37EK4pEt,occasional
37EK4pEt,occasional
vtuikU8B,occasional
vtuikU8B,other
OlYxGohm,other
OlYxGohm,occasional
yTYOjVyu,occasional
08eVRjbD,occasional
0eKxhGR5,occasional
0pfDCZKC,occasional
0zxRO8Pf,occasional
1J5GmKIj,occasional
1SKgBiqE,occasional
1bdShACy,occasional
1r1VqLIK,occasional
1tLvG1GI,occasional
2GOb0LLz,occasional
2YgGXI1V,occasional
2pdpf7Bh,occasional
2v2R2Iy9,occasional
2wDqnDtR,occasional
32CgH6Da,occasional
36wNBrOY,occasional
3ANVj77p,occasional
3ECqWp1O,occasional
3UPx98aJ,occasional
3keWFupv,occasional
3udbjLT6,occasional
3xJ7gT2H,occasional
41U5iE6F,occasional
4JEdfryi,occasional
4i3erXY2,occasional
5Gj1Bf86,occasional
5HZKRNjh,occasional
5IEPXjxz,occasional
5IfijoyS,occasional
5MI0a58X,occasional
5TCfZR92,occasional
5sRIkeC8,occasional
5t2kTT7S,occasional
6HfPQBGx,occasional
6LEZKRCl,occasional
6XfPKoIV,occasional
7uMdX7ON,occasional
7vsDPIHF,occasional
8Ju6NoPe,occasional
8WpRtoZm,occasional
8rGIFCfM,occasional
93ELJwwk,occasional
98g7gKXg,occasional
9Dr1yS2E,occasional
9PrNZ6IX,occasional
9Tfw7CPq,occasional
9Wv9YBga,occasional
9ZYE51mx,occasional
9iBG63d1,occasional
AP744EEP,occasional
AUguBuQq,occasional
AhIw9XnC,occasional
AmP4ZHpO,occasional
AyCOzBub,occasional
B16JC5kV,occasional
BolZ9SHD,occasional
C6ZKPmuM,occasional
CDqo1rKd,occasional
CFowJ8yB,occasional
CMELzIG7,occasional
CaqnpSew,occasional
CeTsprvu,occasional
D6e3uKBK,occasional
DGGfzxGa,occasional
DNMdtQVQ,occasional
E2htYzEF,occasional
EDB0ULru,occasional
EHDjM5Gi,occasional
ES1iWTEC,occasional
EnLkP1Ab,occasional
FCvNQtSL,occasional
FH9OuMyN,occasional
FNA88rcS,occasional
FTKtE0bx,occasional
Fmhi2eCl,occasional
Fsilu1CN,occasional
FwWmk866,occasional
G4FDgZUE,occasional
GCFcs5Pm,occasional
GX66lSLl,other
HHSSNgBQ,other
HMGmVzsP,other
HgbyjdQd,other
HwXLokgp,other
Hyu9lD6I,other
IAqmaTVY,other
IIaOenQO,other
Icw0CgN3,other
IuzLOW1P,other
J5pKHkRy,other
J7LLUAsj,other
JDRZtUbz,other
JSrigNVL,other
JWAMMYNo,other
Jjym6MGV,other
Ju2rHD63,other
KPWRokCe,other
KQ39jVUE,other
KqPnXKAN,other
KxDZJiN4,other
KxNrRzWn,other
LSw3TNOB,other
LWHMsg1m,other
LhX5CDQL,other
M4Bkdgvn,other
MGhy5Kmq,other
MRYCciep,other
MfsW7Cyz,other
MiKyBlFO,other
MtwgKGnj,other
